{
  "Packages": [
    {
      "Package": {
        "Id": "UiPath.Excel.Activities",
        "Version": "2.6.3"
      },
      "Assemblies": [
        "C:\\Users\\m1021720\\.nuget\\packages\\closedxml/0.87.1\\lib/net40/ClosedXML.dll",
        "C:\\Users\\m1021720\\.nuget\\packages\\csvhelper/2.13.5\\lib/net40-client/CsvHelper.dll",
        "C:\\Users\\m1021720\\.nuget\\packages\\documentformat.openxml/2.5.0\\lib/DocumentFormat.OpenXml.dll",
        "C:\\Users\\m1021720\\.nuget\\packages\\microsoft.visualstudio.ole.interop/7.10.6071\\lib/Microsoft.VisualStudio.OLE.Interop.dll",
        "C:\\Users\\m1021720\\.nuget\\packages\\npoi/2.4.1\\lib/net45/NPOI.OOXML.dll",
        "C:\\Users\\m1021720\\.nuget\\packages\\npoi/2.4.1\\lib/net45/NPOI.OpenXml4Net.dll",
        "C:\\Users\\m1021720\\.nuget\\packages\\npoi/2.4.1\\lib/net45/NPOI.OpenXmlFormats.dll",
        "C:\\Users\\m1021720\\.nuget\\packages\\npoi/2.4.1\\lib/net45/NPOI.dll",
        "C:\\Users\\m1021720\\.nuget\\packages\\sharpziplib/1.0.0\\lib/net45/ICSharpCode.SharpZipLib.dll",
        "C:\\Users\\m1021720\\.nuget\\packages\\uipath.excel.activities/2.6.3\\lib/net461/UiPath.Excel.Activities.Design.dll",
        "C:\\Users\\m1021720\\.nuget\\packages\\uipath.excel.activities/2.6.3\\lib/net461/UiPath.Excel.Activities.dll",
        "C:\\Users\\m1021720\\.nuget\\packages\\uipath.excel.activities/2.6.3\\lib/net461/UiPath.Excel.dll"
      ]
    },
    {
      "Package": {
        "Id": "UiPath.Mail.Activities",
        "Version": "1.6.0"
      },
      "Assemblies": [
        "C:\\Users\\m1021720\\.nuget\\packages\\bouncycastle/1.8.5\\lib/BouncyCastle.Crypto.dll",
        "C:\\Users\\m1021720\\.nuget\\packages\\interop.domino.dll/1.0.0\\lib/Interop.Domino.dll",
        "C:\\Users\\m1021720\\.nuget\\packages\\microsoft.exchange.webservices/2.2.0\\lib/40/Microsoft.Exchange.WebServices.Auth.dll",
        "C:\\Users\\m1021720\\.nuget\\packages\\microsoft.exchange.webservices/2.2.0\\lib/40/Microsoft.Exchange.WebServices.dll",
        "C:\\Users\\m1021720\\.nuget\\packages\\microsoft.extensions.filesystemglobbing/2.2.0\\lib/netstandard2.0/Microsoft.Extensions.FileSystemGlobbing.dll",
        "C:\\Users\\m1021720\\.nuget\\packages\\system.valuetuple/4.5.0\\lib/net461/System.ValueTuple.dll",
        "C:\\Users\\m1021720\\.nuget\\packages\\uipath.mail.activities/1.6.0\\lib/net461/MailKit.dll",
        "C:\\Users\\m1021720\\.nuget\\packages\\uipath.mail.activities/1.6.0\\lib/net461/MimeKit.dll",
        "C:\\Users\\m1021720\\.nuget\\packages\\uipath.mail.activities/1.6.0\\lib/net461/UiPath.Mail.Activities.Design.dll",
        "C:\\Users\\m1021720\\.nuget\\packages\\uipath.mail.activities/1.6.0\\lib/net461/UiPath.Mail.Activities.dll",
        "C:\\Users\\m1021720\\.nuget\\packages\\uipath.mail.activities/1.6.0\\lib/net461/UiPath.Mail.dll"
      ]
    },
    {
      "Package": {
        "Id": "UiPath.System.Activities",
        "Version": "19.8.0"
      },
      "Assemblies": [
        "C:\\Users\\m1021720\\.nuget\\packages\\csvhelper/2.13.5\\lib/net40-client/CsvHelper.dll",
        "C:\\Users\\m1021720\\.nuget\\packages\\microsoft.aspnet.signalr.client/2.4.0\\lib/net45/Microsoft.AspNet.SignalR.Client.dll",
        "C:\\Users\\m1021720\\.nuget\\packages\\microsoft.extensions.filesystemglobbing/2.2.0\\lib/netstandard2.0/Microsoft.Extensions.FileSystemGlobbing.dll",
        "C:\\Users\\m1021720\\.nuget\\packages\\microsoft.rest.clientruntime/2.3.20\\lib/net461/Microsoft.Rest.ClientRuntime.dll",
        "C:\\Users\\m1021720\\.nuget\\packages\\newtonsoft.json/11.0.2\\lib/net45/Newtonsoft.Json.dll",
        "C:\\Users\\m1021720\\.nuget\\packages\\uipath.system.activities/19.8.0\\lib/net461/ActiproSoftware.Docking.Wpf.dll",
        "C:\\Users\\m1021720\\.nuget\\packages\\uipath.system.activities/19.8.0\\lib/net461/ActiproSoftware.Ribbon.Wpf.dll",
        "C:\\Users\\m1021720\\.nuget\\packages\\uipath.system.activities/19.8.0\\lib/net461/ActiproSoftware.Shared.Wpf.dll",
        "C:\\Users\\m1021720\\.nuget\\packages\\uipath.system.activities/19.8.0\\lib/net461/ActiproSoftware.SyntaxEditor.Addons.DotNet.Wpf.dll",
        "C:\\Users\\m1021720\\.nuget\\packages\\uipath.system.activities/19.8.0\\lib/net461/ActiproSoftware.SyntaxEditor.Wpf.dll",
        "C:\\Users\\m1021720\\.nuget\\packages\\uipath.system.activities/19.8.0\\lib/net461/ActiproSoftware.Text.Addons.DotNet.Wpf.dll",
        "C:\\Users\\m1021720\\.nuget\\packages\\uipath.system.activities/19.8.0\\lib/net461/ActiproSoftware.Text.LLParser.Wpf.dll",
        "C:\\Users\\m1021720\\.nuget\\packages\\uipath.system.activities/19.8.0\\lib/net461/ActiproSoftware.Text.Wpf.dll",
        "C:\\Users\\m1021720\\.nuget\\packages\\uipath.system.activities/19.8.0\\lib/net461/ActiproSoftware.Wizard.Wpf.dll",
        "C:\\Users\\m1021720\\.nuget\\packages\\uipath.system.activities/19.8.0\\lib/net461/UiPath.OrchestratorClient.dll",
        "C:\\Users\\m1021720\\.nuget\\packages\\uipath.system.activities/19.8.0\\lib/net461/UiPath.System.Activities.Design.dll",
        "C:\\Users\\m1021720\\.nuget\\packages\\uipath.system.activities/19.8.0\\lib/net461/UiPath.System.Activities.dll"
      ]
    },
    {
      "Package": {
        "Id": "UiPath.UIAutomation.Activities",
        "Version": "19.8.0-ce"
      },
      "Assemblies": [
        "C:\\Users\\m1021720\\.nuget\\packages\\avalonedit/5.0.3\\lib/Net40/ICSharpCode.AvalonEdit.dll",
        "C:\\Users\\m1021720\\.nuget\\packages\\extended.wpf.toolkit/2.8.0\\lib/net40/Xceed.Wpf.AvalonDock.Themes.Aero.dll",
        "C:\\Users\\m1021720\\.nuget\\packages\\extended.wpf.toolkit/2.8.0\\lib/net40/Xceed.Wpf.AvalonDock.Themes.Metro.dll",
        "C:\\Users\\m1021720\\.nuget\\packages\\extended.wpf.toolkit/2.8.0\\lib/net40/Xceed.Wpf.AvalonDock.Themes.VS2010.dll",
        "C:\\Users\\m1021720\\.nuget\\packages\\extended.wpf.toolkit/2.8.0\\lib/net40/Xceed.Wpf.AvalonDock.dll",
        "C:\\Users\\m1021720\\.nuget\\packages\\extended.wpf.toolkit/2.8.0\\lib/net40/Xceed.Wpf.DataGrid.dll",
        "C:\\Users\\m1021720\\.nuget\\packages\\extended.wpf.toolkit/2.8.0\\lib/net40/Xceed.Wpf.Toolkit.dll",
        "C:\\Users\\m1021720\\.nuget\\packages\\humanizer.core/2.4.2\\lib/netstandard2.0/Humanizer.dll",
        "C:\\Users\\m1021720\\.nuget\\packages\\uipath/19.8.7173.31251-ce\\lib/UiPath.Interop.dll",
        "C:\\Users\\m1021720\\.nuget\\packages\\uipath.ocr.contracts/2.1.0\\lib/net45/UiPath.OCR.Contracts.dll",
        "C:\\Users\\m1021720\\.nuget\\packages\\uipath.uiautomation.activities/19.8.0-ce\\lib/net461/ActiproSoftware.DataGrid.Contrib.Wpf.dll",
        "C:\\Users\\m1021720\\.nuget\\packages\\uipath.uiautomation.activities/19.8.0-ce\\lib/net461/ActiproSoftware.Docking.Wpf.dll",
        "C:\\Users\\m1021720\\.nuget\\packages\\uipath.uiautomation.activities/19.8.0-ce\\lib/net461/ActiproSoftware.Editors.Wpf.dll",
        "C:\\Users\\m1021720\\.nuget\\packages\\uipath.uiautomation.activities/19.8.0-ce\\lib/net461/ActiproSoftware.Ribbon.Wpf.dll",
        "C:\\Users\\m1021720\\.nuget\\packages\\uipath.uiautomation.activities/19.8.0-ce\\lib/net461/ActiproSoftware.Shared.Wpf.dll",
        "C:\\Users\\m1021720\\.nuget\\packages\\uipath.uiautomation.activities/19.8.0-ce\\lib/net461/ActiproSoftware.SyntaxEditor.Addons.DotNet.Wpf.dll",
        "C:\\Users\\m1021720\\.nuget\\packages\\uipath.uiautomation.activities/19.8.0-ce\\lib/net461/ActiproSoftware.SyntaxEditor.Wpf.dll",
        "C:\\Users\\m1021720\\.nuget\\packages\\uipath.uiautomation.activities/19.8.0-ce\\lib/net461/ActiproSoftware.Text.Addons.DotNet.Wpf.dll",
        "C:\\Users\\m1021720\\.nuget\\packages\\uipath.uiautomation.activities/19.8.0-ce\\lib/net461/ActiproSoftware.Text.LLParser.Wpf.dll",
        "C:\\Users\\m1021720\\.nuget\\packages\\uipath.uiautomation.activities/19.8.0-ce\\lib/net461/ActiproSoftware.Text.Wpf.dll",
        "C:\\Users\\m1021720\\.nuget\\packages\\uipath.uiautomation.activities/19.8.0-ce\\lib/net461/ActiproSoftware.Wizard.Wpf.dll",
        "C:\\Users\\m1021720\\.nuget\\packages\\uipath.uiautomation.activities/19.8.0-ce\\lib/net461/UiPath.UIAutomation.Activities.Design.dll",
        "C:\\Users\\m1021720\\.nuget\\packages\\uipath.uiautomation.activities/19.8.0-ce\\lib/net461/UiPath.UiAutomation.Activities.dll",
        "C:\\Users\\m1021720\\.nuget\\packages\\uipath.uiautomation.activities/19.8.0-ce\\lib/net461/UiPath.Wizards.dll",
        "C:\\Users\\m1021720\\.nuget\\packages\\uipath.vision/1.7.0\\lib/net452/UiPath.Vision.AbbyyCloud.dll",
        "C:\\Users\\m1021720\\.nuget\\packages\\uipath.vision/1.7.0\\lib/net452/UiPath.Vision.AbbyyFRE11.dll",
        "C:\\Users\\m1021720\\.nuget\\packages\\uipath.vision/1.7.0\\lib/net452/UiPath.Vision.AbbyyFRE12.dll",
        "C:\\Users\\m1021720\\.nuget\\packages\\uipath.vision/1.7.0\\lib/net452/UiPath.Vision.AbbyyFRECommon.dll",
        "C:\\Users\\m1021720\\.nuget\\packages\\uipath.vision/1.7.0\\lib/net452/UiPath.Vision.AzureComputerVision.dll",
        "C:\\Users\\m1021720\\.nuget\\packages\\uipath.vision/1.7.0\\lib/net452/UiPath.Vision.Core.dll",
        "C:\\Users\\m1021720\\.nuget\\packages\\uipath.vision/1.7.0\\lib/net452/UiPath.Vision.GoogleCloud.dll",
        "C:\\Users\\m1021720\\.nuget\\packages\\uipath.vision/1.7.0\\lib/net452/UiPath.Vision.Microsoft.dll",
        "C:\\Users\\m1021720\\.nuget\\packages\\uipath.vision/1.7.0\\lib/net452/UiPath.Vision.MicrosoftCloud.dll",
        "C:\\Users\\m1021720\\.nuget\\packages\\uipath.vision/1.7.0\\lib/net452/UiPath.Vision.Tesseract.dll",
        "C:\\Users\\m1021720\\.nuget\\packages\\uipath.vision/1.7.0\\lib/net452/UiPath.Vision.dll"
      ]
    },
    {
      "Package": {
        "Id": "SendWhatsAppCustomActivity",
        "Version": "1.0.0"
      },
      "Assemblies": [
        "C:\\Users\\m1021720\\.nuget\\packages\\sendwhatsappcustomactivity/1.0.0\\lib/SendWhatsAppCustomActivity.dll"
      ]
    },
    {
      "Package": {
        "Id": "CallUserMobile",
        "Version": "1.0.1"
      },
      "Assemblies": [
        "C:\\Users\\m1021720\\.nuget\\packages\\callusermobile/1.0.1\\lib/CallUserCustomActivity.dll"
      ]
    },
    {
      "Package": {
        "Id": "DataTableToHtml",
        "Version": "1.0.1"
      },
      "Assemblies": [
        "C:\\Users\\m1021720\\.nuget\\packages\\datatabletohtml/1.0.1\\lib/ConvertDataTableToHtmlTableCustomActivity.dll"
      ]
    },
    {
      "Package": {
        "Id": "Twilio",
        "Version": "5.32.0"
      },
      "Assemblies": [
        "C:\\Users\\m1021720\\.nuget\\packages\\microsoft.identitymodel.logging/1.1.2\\lib/net451/Microsoft.IdentityModel.Logging.dll",
        "C:\\Users\\m1021720\\.nuget\\packages\\microsoft.identitymodel.tokens/5.1.2\\lib/net451/Microsoft.IdentityModel.Tokens.dll",
        "C:\\Users\\m1021720\\.nuget\\packages\\newtonsoft.json/11.0.2\\lib/net45/Newtonsoft.Json.dll",
        "C:\\Users\\m1021720\\.nuget\\packages\\system.identitymodel.tokens.jwt/5.1.2\\lib/net451/System.IdentityModel.Tokens.Jwt.dll",
        "C:\\Users\\m1021720\\.nuget\\packages\\twilio/5.32.0\\lib/net451/Twilio.dll"
      ]
    }
  ],
  "Conflicts": [],
  "ResolvedDependencies": {
    "AvalonEdit": {
      "Id": "AvalonEdit",
      "Version": "5.0.3",
      "Dependencies": []
    },
    "BouncyCastle": {
      "Id": "BouncyCastle",
      "Version": "1.8.5",
      "Dependencies": []
    },
    "CallUserMobile": {
      "Id": "CallUserMobile",
      "Version": "1.0.1",
      "Dependencies": []
    },
    "ClosedXML": {
      "Id": "ClosedXML",
      "Version": "0.87.1",
      "Dependencies": [
        {
          "Item1": "DocumentFormat.OpenXml",
          "Item2": "[2.5.0, )"
        }
      ]
    },
    "CsvHelper": {
      "Id": "CsvHelper",
      "Version": "2.13.5",
      "Dependencies": []
    },
    "DataTableToHtml": {
      "Id": "DataTableToHtml",
      "Version": "1.0.1",
      "Dependencies": []
    },
    "DocumentFormat.OpenXml": {
      "Id": "DocumentFormat.OpenXml",
      "Version": "2.5.0",
      "Dependencies": []
    },
    "Extended.Wpf.Toolkit": {
      "Id": "Extended.Wpf.Toolkit",
      "Version": "2.8.0",
      "Dependencies": []
    },
    "Humanizer.Core": {
      "Id": "Humanizer.Core",
      "Version": "2.4.2",
      "Dependencies": []
    },
    "interop.domino.dll": {
      "Id": "interop.domino.dll",
      "Version": "1.0.0",
      "Dependencies": []
    },
    "Microsoft.AspNet.SignalR.Client": {
      "Id": "Microsoft.AspNet.SignalR.Client",
      "Version": "2.4.0",
      "Dependencies": [
        {
          "Item1": "Newtonsoft.Json",
          "Item2": "[6.0.4, )"
        }
      ]
    },
    "Microsoft.Exchange.WebServices": {
      "Id": "Microsoft.Exchange.WebServices",
      "Version": "2.2.0",
      "Dependencies": []
    },
    "Microsoft.Extensions.FileSystemGlobbing": {
      "Id": "Microsoft.Extensions.FileSystemGlobbing",
      "Version": "2.2.0",
      "Dependencies": []
    },
    "Microsoft.IdentityModel.Logging": {
      "Id": "Microsoft.IdentityModel.Logging",
      "Version": "1.1.2",
      "Dependencies": []
    },
    "Microsoft.IdentityModel.Tokens": {
      "Id": "Microsoft.IdentityModel.Tokens",
      "Version": "5.1.2",
      "Dependencies": [
        {
          "Item1": "Microsoft.IdentityModel.Logging",
          "Item2": "[1.1.2, )"
        },
        {
          "Item1": "Newtonsoft.Json",
          "Item2": "[9.0.1, )"
        }
      ]
    },
    "Microsoft.Rest.ClientRuntime": {
      "Id": "Microsoft.Rest.ClientRuntime",
      "Version": "2.3.20",
      "Dependencies": [
        {
          "Item1": "Newtonsoft.Json",
          "Item2": "[10.0.3, )"
        }
      ]
    },
    "Microsoft.VisualStudio.OLE.Interop": {
      "Id": "Microsoft.VisualStudio.OLE.Interop",
      "Version": "7.10.6071",
      "Dependencies": []
    },
    "Newtonsoft.Json": {
      "Id": "Newtonsoft.Json",
      "Version": "11.0.2",
      "Dependencies": []
    },
    "NPOI": {
      "Id": "NPOI",
      "Version": "2.4.1",
      "Dependencies": [
        {
          "Item1": "SharpZipLib",
          "Item2": "[1.0.0, )"
        }
      ]
    },
    "SendWhatsAppCustomActivity": {
      "Id": "SendWhatsAppCustomActivity",
      "Version": "1.0.0",
      "Dependencies": []
    },
    "SharpZipLib": {
      "Id": "SharpZipLib",
      "Version": "1.0.0",
      "Dependencies": []
    },
    "System.IdentityModel.Tokens.Jwt": {
      "Id": "System.IdentityModel.Tokens.Jwt",
      "Version": "5.1.2",
      "Dependencies": [
        {
          "Item1": "Microsoft.IdentityModel.Tokens",
          "Item2": "[5.1.2, )"
        }
      ]
    },
    "System.ValueTuple": {
      "Id": "System.ValueTuple",
      "Version": "4.5.0",
      "Dependencies": []
    },
    "Twilio": {
      "Id": "Twilio",
      "Version": "5.32.0",
      "Dependencies": [
        {
          "Item1": "Microsoft.IdentityModel.Tokens",
          "Item2": "[5.1.2, )"
        },
        {
          "Item1": "Newtonsoft.Json",
          "Item2": "[10.0.1, )"
        },
        {
          "Item1": "System.IdentityModel.Tokens.Jwt",
          "Item2": "[5.1.2, )"
        }
      ]
    },
    "UiPath": {
      "Id": "UiPath",
      "Version": "19.8.7173.31251-ce",
      "Dependencies": []
    },
    "UiPath.Excel.Activities": {
      "Id": "UiPath.Excel.Activities",
      "Version": "2.6.3",
      "Dependencies": [
        {
          "Item1": "ClosedXML",
          "Item2": "[0.87.1, )"
        },
        {
          "Item1": "CsvHelper",
          "Item2": "[2.13.5, )"
        },
        {
          "Item1": "DocumentFormat.OpenXml",
          "Item2": "[2.5.0, )"
        },
        {
          "Item1": "Microsoft.VisualStudio.OLE.Interop",
          "Item2": "[7.10.6071, )"
        },
        {
          "Item1": "NPOI",
          "Item2": "[2.4.1, )"
        },
        {
          "Item1": "SharpZipLib",
          "Item2": "[1.0.0, )"
        }
      ]
    },
    "UiPath.Mail.Activities": {
      "Id": "UiPath.Mail.Activities",
      "Version": "1.6.0",
      "Dependencies": [
        {
          "Item1": "System.ValueTuple",
          "Item2": "[4.5.0, )"
        },
        {
          "Item1": "Microsoft.Exchange.WebServices",
          "Item2": "[2.2.0, )"
        },
        {
          "Item1": "Microsoft.Extensions.FileSystemGlobbing",
          "Item2": "[2.2.0, )"
        },
        {
          "Item1": "BouncyCastle",
          "Item2": "[1.8.5, )"
        },
        {
          "Item1": "interop.domino.dll",
          "Item2": "[1.0.0, )"
        }
      ]
    },
    "UiPath.OCR.Contracts": {
      "Id": "UiPath.OCR.Contracts",
      "Version": "2.1.0",
      "Dependencies": []
    },
    "UiPath.System.Activities": {
      "Id": "UiPath.System.Activities",
      "Version": "19.8.0",
      "Dependencies": [
        {
          "Item1": "CsvHelper",
          "Item2": "[2.13.5, )"
        },
        {
          "Item1": "Microsoft.AspNet.SignalR.Client",
          "Item2": "[2.4.0, )"
        },
        {
          "Item1": "Microsoft.Extensions.FileSystemGlobbing",
          "Item2": "[2.2.0, )"
        },
        {
          "Item1": "Microsoft.Rest.ClientRuntime",
          "Item2": "[2.3.20, )"
        },
        {
          "Item1": "Newtonsoft.Json",
          "Item2": "[11.0.2, )"
        }
      ]
    },
    "UiPath.UIAutomation.Activities": {
      "Id": "UiPath.UIAutomation.Activities",
      "Version": "19.8.0-ce",
      "Dependencies": [
        {
          "Item1": "UiPath",
          "Item2": "[19.8.7173.31251-ce, )"
        },
        {
          "Item1": "UiPath.Vision",
          "Item2": "[1.7.0, )"
        },
        {
          "Item1": "UiPath.OCR.Contracts",
          "Item2": "[2.1.0, )"
        },
        {
          "Item1": "AvalonEdit",
          "Item2": "[5.0.3, )"
        },
        {
          "Item1": "Extended.Wpf.Toolkit",
          "Item2": "[2.8.0, )"
        },
        {
          "Item1": "Humanizer.Core",
          "Item2": "[2.4.2, )"
        }
      ]
    },
    "UiPath.Vision": {
      "Id": "UiPath.Vision",
      "Version": "1.7.0",
      "Dependencies": []
    }
  }
}